Workbook

Sheet Test y Respuestas
A1: FACULTAD DE CONTADURÍA Y ADMINISTRACIÓN - UNAM
A2: EVALUACIÓN DE PERSONALIDAD BIG FIVE (OCEAN) PARA ELECCIÓN DE CAMPOS FORMATIVOS
A4: INSTRUCCIONES DE APLICACIÓN:
A5: Evalúa cada afirmación indicando qué tan identificado/a te sientes en tu desempeño académico y profesional. Selecciona en la Columna 'Respuesta' un número del 1 al 5.
A6: 1 = Totalmente en desacuerdo | 2 = En desacuerdo | 3 = Neutral | 4 = De acuerdo | 5 = Totalmente de acuerdo
A8: # | B8: Dimensión OCEAN | C8: Afirmación / Reactivo | D8: Respuesta (1-5) | E8: Estado
A9: 1 | B9: Apertura a la Experiencia | C9: Disfruto proponiendo ideas creativas para resolver problemas o diseñar proyectos nuevos en mis materias. | D9: 3 | E9: =IF(ISBLANK(D9), "Pendiente", "Respondido")
A10: 2 | B10: Apertura a la Experiencia | C10: Me interesa explorar constantemente nuevas tendencias de mercado, tecnología o modelos de negocio. | D10: 3 | E10: =IF(ISBLANK(D10), "Pendiente", "Respondido")
A11: 3 | B11: Apertura a la Experiencia | C11: Prefiero tareas académicas que requieran innovación y pensamiento fuera de lo convencional. | D11: 3 | E11: =IF(ISBLANK(D11), "Pendiente", "Respondido")
A12: 4 | B12: Apertura a la Experiencia | C12: Me adapto con facilidad a entornos de trabajo cambiantes o proyectos con alta incertidumbre. | D12: 3 | E12: =IF(ISBLANK(D12), "Pendiente", "Respondido")
A13: 5 | B13: Apertura a la Experiencia | C13: Me atrae aprender sobre temas interdisciplinarios fuera de mi zona de confort profesional. | D13: 3 | E13: =IF(ISBLANK(D13), "Pendiente", "Respondido")
A14: 6 | B14: Responsabilidad / Tesón | C14: Soy muy organizado/a y entrego mis trabajos y proyectos con exactitud antes de la fecha límite. | D14: 3 | E14: =IF(ISBLANK(D14), "Pendiente", "Respondido")
A15: 7 | B15: Responsabilidad / Tesón | C15: Me enfoco en mantener un control riguroso sobre datos, presupuestos, procedimientos o normas. | D15: 3 | E15: =IF(ISBLANK(D15), "Pendiente", "Respondido")
A16: 8 | B16: Responsabilidad / Tesón | C16: Establezco metas profesionales claras a largo plazo y muestro alta autodisciplina para alcanzarlas. | D16: 3 | E16: =IF(ISBLANK(D16), "Pendiente", "Respondido")
A17: 9 | B17: Responsabilidad / Tesón | C17: Verifico cuidadosamente la precisión de la información o cifras antes de tomar una decisión. | D17: 3 | E17: =IF(ISBLANK(D17), "Pendiente", "Respondido")
A18: 10 | B18: Responsabilidad / Tesón | C18: Sigo metodologías y estructuras de trabajo bien definidas para garantizar la calidad en mis entregas. | D18: 3 | E18: =IF(ISBLANK(D18), "Pendiente", "Respondido")
A19: 11 | B19: Extraversión | C19: Me siento lleno/a de energía al dirigir reuniones, negociar o hablar ante un público o comité. | D19: 3 | E19: =IF(ISBLANK(D19), "Pendiente", "Respondido")
A20: 12 | B20: Extraversión | C20: Busco activamente oportunidades para hacer networking y establecer nuevas relaciones estratégicas. | D20: 3 | E20: =IF(ISBLANK(D20), "Pendiente", "Respondido")
... A33: 25 | B33: Estabilidad Emocional | C33: Tomo decisiones estratégicas de forma objetiva, separando el análisis racional de las emociones. | D33: 3 | E33: =IF(ISBLANK(D33), "Pendiente", "Respondido")

Sheet Resultados y Diagnóstico
A1: DIAGNÓSTICO Y PERFIL DE PERSONALIDAD BIG FIVE
A3: 1. RESUMEN DE PUNTUACIONES POR DIMENSIÓN
A4: Dimensión Big Five | B4: Puntaje Bruto (5-25) | C4: Porcentaje (%) | D4: Nivel de Rasgo | E4: Interpretación Básica
A5: Apertura a la Experiencia | B5: =SUM('Test y Respuestas'!D9:D13) | C5: =B5/25 | D5: =IF(B5>=20, "Alto", IF(B5>=14, "Medio", "Área de Desarrollo")) | E5: =IF(B5>=20, "Fortaleza Prominente", IF(B5>=14, "Competencia Equilibrada", "Requiere Esfuerzo Consciente"))
A6: Responsabilidad / Tesón | B6: =SUM('Test y Respuestas'!D14:D18) | C6: =B6/25 | D6: =IF(B6>=20, "Alto", IF(B6>=14, "Medio", "Área de Desarrollo")) | E6: =IF(B6>=20, "Fortaleza Prominente", IF(B6>=14, "Competencia Equilibrada", "Requiere Esfuerzo Consciente"))
A7: Extraversión | B7: =SUM('Test y Respuestas'!D19:D23) | C7: =B7/25 | D7: =IF(B7>=20, "Alto", IF(B7>=14, "Medio", "Área de Desarrollo")) | E7: =IF(B7>=20, "Fortaleza Prominente", IF(B7>=14, "Competencia Equilibrada", "Requiere Esfuerzo Consciente"))
A8: Amabilidad / Cordialidad | B8: =SUM('Test y Respuestas'!D24:D28) | C8: =B8/25 | D8: =IF(B8>=20, "Alto", IF(B8>=14, "Medio", "Área de Desarrollo")) | E8: =IF(B8>=20, "Fortaleza Prominente", IF(B8>=14, "Competencia Equilibrada", "Requiere Esfuerzo Consciente"))
A9: Estabilidad Emocional | B9: =SUM('Test y Respuestas'!D29:D33) | C9: =B9/25 | D9: =IF(B9>=20, "Alto", IF(B9>=14, "Medio", "Área de Desarrollo")) | E9: =IF(B9>=20, "Fortaleza Prominente", IF(B9>=14, "Competencia Equilibrada", "Requiere Esfuerzo Consciente"))
A12: 2. ALINEACIÓN CON CAMPOS FORMATIVOS (ESPECIALIDADES FCA)
A13: Campo Formativo | B13: Dimensiones Clave | C13: Índice de Afinidad (%) | D13: Nivel de Compatibilidad | E13: Recomendación Orientadora
A14: Mercadotecnia | B14: Apertura + Extraversión | C14: =(B5+B7)/50 | D14: =IF(C14>=0.8, "Alta Afinidad", IF(C14>=0.6, "Afinidad Media", "Desarrollo Requerido")) | E14: Creatividad, visión de mercado, dinamismo social y comunicación persuasiva.
A15: Capital Humano | B15: Amabilidad + Extraversión | C15: =(B8+B7)/50 | D15: =IF(C15>=0.8, "Alta Afinidad", IF(C15>=0.6, "Afinidad Media", "Desarrollo Requerido")) | E15: Gestión del talento, empatía organizacional, mediación y liderazgo de equipos.
A16: Administración Financiera | B16: Responsabilidad + Estabilidad Emocional | C16: =(B6+B9)/50 | D16: =IF(C16>=0.8, "Alta Afinidad", IF(C16>=0.6, "Afinidad Media", "Desarrollo Requerido")) | E16: Rigor cuantitativo, control de riesgos, disciplina y toma de decisiones bajo presión.
A17: Negocios Internacionales | B17: Apertura + Estabilidad + Extraversión | C17: =(B5+B9+B7)/75 | D17: =IF(C17>=0.8, "Alta Afinidad", IF(C17>=0.6, "Afinidad Media", "Desarrollo Requerido")) | E17: Inteligencia cultural, adaptabilidad global, resiliencia y capacidad de negociación.
A18: Emprendimiento | B18: Apertura + Responsabilidad + Estabilidad | C18: =(B5+B6+B9)/75 | D18: =IF(C18>=0.8, "Alta Afinidad", IF(C18>=0.6, "Afinidad Media", "Desarrollo Requerido")) | E18: Visión de oportunidad, autodisciplina ejecutiva, resiliencia y tolerancia al riesgo.

Sheet Guía Campos Formativos
A1: GUÍA ORIENTADORA DE CAMPOS FORMATIVOS Y COMPETENCIAS BIG FIVE
A3: Campo Formativo | B3: Perfil OCEAN Ideal | C3: Fortalezas Clave de Personalidad | D3: Estrategias de Desarrollo
A4: Mercadotecnia | B4: Alta Apertura + Alta Extraversión | C4: Pensamiento innovador, capacidad analítica de tendencias, entusiasmo social y comunicación persuasiva. | D4: Desarrollar rigor metodológico en la evaluación cuantitativa del ROI y la gestión de presupuestos.
A5: Capital Humano | B5: Alta Amabilidad + Alta Extraversión | C5: Empatía hacia los colaboradores, capacidad de negociación, mediación de conflictos y liderazgo transformacional. | D5: Cultivar la objetividad analítica para la toma de decisiones difíciles en evaluación del desempeño y reestructuraciones.
A6: Administración Financiera | B6: Alta Responsabilidad + Alta Estabilidad Emocional | C6: Meticulosidad en datos, disciplina presupuestaria, serenidad en mercados volátiles y apego a controles. | D6: Fomentar la flexibilidad ante cambios imprevistos y habilidades socioemocionales para comunicar resultados financieros.
A7: Negocios Internacionales | B7: Alta Apertura + Alta Estabilidad + Extraversión | C7: Adaptabilidad cultural, visión de mercados globales, tolerancia a la ambigüedad y diplomacia comercial. | D7: Reforzar la atención al detalle en normatividad aduanera, contratos y aspectos legales del comercio exterior.
A8: Emprendimiento | B8: Alta Apertura + Alta Responsabilidad + Estabilidad | C8: Visión de oportunidad, automotivación, resiliencia ante el fracaso y capacidad de ejecución estratégica. | D8: Aprender a delegar oportunamente y desarrollar empatía en la formación del equipo fundador.
